<?xml version="1.0" ?>
<LOG_ROOT>
	<PROJECT NAME="CII_Starter_SD_Card_Audio">
		<CBX_INST_ENTRY INSTANCE_NAME="|CII_Starter_SD_Card_Audio|system_0:u0|epcs_controller:the_epcs_controller|altsyncram:the_boot_copier_rom" CBX_FILE_NAME="altsyncram_lo31.tdf"/>
		<CBX_INST_ENTRY INSTANCE_NAME="|CII_Starter_SD_Card_Audio|system_0:u0|Audio_0:the_Audio_0|AUDIO_DAC_FIFO:the_AUDIO_DAC_FIFO|FIFO_16_256:u0|dcfifo:dcfifo_component" CBX_FILE_NAME="dcfifo_e6c1.tdf"/>
		<CBX_INST_ENTRY INSTANCE_NAME="|CII_Starter_SD_Card_Audio|system_0:u0|cpu_0:the_cpu_0|cpu_0_bht_module:cpu_0_bht|altsyncram:the_altsyncram" CBX_FILE_NAME="altsyncram_q8e1.tdf"/>
		<CBX_INST_ENTRY INSTANCE_NAME="|CII_Starter_SD_Card_Audio|system_0:u0|cpu_0:the_cpu_0|cpu_0_dc_data_module:cpu_0_dc_data|altsyncram:the_altsyncram" CBX_FILE_NAME="altsyncram_a422.tdf"/>
		<CBX_INST_ENTRY INSTANCE_NAME="|CII_Starter_SD_Card_Audio|system_0:u0|cpu_0:the_cpu_0|cpu_0_dc_tag_module:cpu_0_dc_tag|altsyncram:the_altsyncram" CBX_FILE_NAME="altsyncram_vf22.tdf"/>
		<CBX_INST_ENTRY INSTANCE_NAME="|CII_Starter_SD_Card_Audio|system_0:u0|cpu_0:the_cpu_0|cpu_0_nios2_oci:the_cpu_0_nios2_oci|cpu_0_nios2_oci_im:the_cpu_0_nios2_oci_im|cpu_0_traceram_lpm_dram_bdp_component_module:cpu_0_traceram_lpm_dram_bdp_component|altsyncram:the_altsyncram" CBX_FILE_NAME="altsyncram_e502.tdf"/>
		<CBX_INST_ENTRY INSTANCE_NAME="|CII_Starter_SD_Card_Audio|system_0:u0|cpu_0:the_cpu_0|cpu_0_nios2_oci:the_cpu_0_nios2_oci|cpu_0_nios2_ocimem:the_cpu_0_nios2_ocimem|cpu_0_ociram_lpm_dram_bdp_component_module:cpu_0_ociram_lpm_dram_bdp_component|altsyncram:the_altsyncram" CBX_FILE_NAME="altsyncram_c572.tdf"/>
		<CBX_INST_ENTRY INSTANCE_NAME="|CII_Starter_SD_Card_Audio|system_0:u0|cpu_0:the_cpu_0|cpu_0_register_bank_a_module:cpu_0_register_bank_a|altsyncram:the_altsyncram" CBX_FILE_NAME="altsyncram_4be1.tdf"/>
		<CBX_INST_ENTRY INSTANCE_NAME="|CII_Starter_SD_Card_Audio|system_0:u0|jtag_uart_0:the_jtag_uart_0|jtag_uart_0_scfifo_w:the_jtag_uart_0_scfifo_w|scfifo:wfifo" CBX_FILE_NAME="scfifo_1n21.tdf"/>
		<CBX_INST_ENTRY INSTANCE_NAME="|CII_Starter_SD_Card_Audio|system_0:u0|cpu_0:the_cpu_0|cpu_0_mult_cell:the_cpu_0_mult_cell|altmult_add:the_altmult_add_part_1" CBX_FILE_NAME="mult_add_4cr2.tdf"/>
		<CBX_INST_ENTRY INSTANCE_NAME="|CII_Starter_SD_Card_Audio|system_0:u0|jtag_uart_0:the_jtag_uart_0|jtag_uart_0_scfifo_r:the_jtag_uart_0_scfifo_r|scfifo:rfifo" CBX_FILE_NAME="scfifo_1n21.tdf"/>
		<CBX_INST_ENTRY INSTANCE_NAME="|CII_Starter_SD_Card_Audio|sld_hub:sld_hub_inst|lpm_decode:instruction_decoder" CBX_FILE_NAME="decode_aoi.tdf"/>
		<CBX_INST_ENTRY INSTANCE_NAME="|CII_Starter_SD_Card_Audio|system_0:u0|cpu_0:the_cpu_0|cpu_0_ic_data_module:cpu_0_ic_data|altsyncram:the_altsyncram" CBX_FILE_NAME="altsyncram_cub1.tdf"/>
		<CBX_INST_ENTRY INSTANCE_NAME="|CII_Starter_SD_Card_Audio|system_0:u0|cpu_0:the_cpu_0|cpu_0_ic_tag_module:cpu_0_ic_tag|altsyncram:the_altsyncram" CBX_FILE_NAME="altsyncram_tke1.tdf"/>
		<CBX_INST_ENTRY INSTANCE_NAME="|CII_Starter_SD_Card_Audio|system_0:u0|cpu_0:the_cpu_0|cpu_0_mult_cell:the_cpu_0_mult_cell|altmult_add:the_altmult_add_part_2" CBX_FILE_NAME="mult_add_6cr2.tdf"/>
		<CBX_INST_ENTRY INSTANCE_NAME="|CII_Starter_SD_Card_Audio|system_0:u0|cpu_0:the_cpu_0|cpu_0_register_bank_b_module:cpu_0_register_bank_b|altsyncram:the_altsyncram" CBX_FILE_NAME="altsyncram_5be1.tdf"/>
	</PROJECT>
</LOG_ROOT>
